<?xml version="1.0" encoding="UTF-8" standalone="yes"?>
<model type="com.apple.IDECoreDataModeler.DataModel" documentVersion="1.0" lastSavedToolsVersion="19206" systemVersion="20G71" minimumToolsVersion="Automatic" sourceLanguage="Swift" userDefinedModelVersionIdentifier="">
    <entity name="Auto" representedClassName="Auto" syncable="YES">
        <attribute name="cognome" optional="YES" attributeType="String"/>
        <attribute name="email" optional="YES" attributeType="String"/>
        <attribute name="nome" optional="YES" attributeType="String"/>
        <attribute name="targa" optional="YES" attributeType="String"/>
        <attribute name="telefono" optional="YES" attributeType="String"/>
    </entity>
    <elements>
        <element name="Auto" positionX="-54" positionY="-9" width="128" height="118"/>
    </elements>
</model>